Month,Year, Category ,date,power_generation,Feed-in,Load,grid_connected,Charge,battery_level
1,22,1,01/01/22,15.8,0.3,19.74,4.24,5.6,5.4
1,22,2,02/01/22,19.9,0.31,28.16,8.57,4.5,4.2
1,22,3,03/01/22,20.8,0.24,26.65,6.09,3.3,3.3
1,22,4,04/01/22,15.3,0.35,19.56,4.61,3.4,3.3
1,22,5,05/01/22,15.4,0.18,20.23,5.01,5.4,5.3
1,22,6,06/01/22,16.2,0.06,23.94,7.8,6.2,6.6
1,22,7,07/01/22,13.1,0.01,21.92,8.83,2.5,4
1,22,8,08/01/22,13.6,0.18,22.15,8.73,3.8,1.7
1,22,9,09/01/22,15.1,0.28,19.46,4.64,2.9,2.6
1,22,10,10/01/22,15.7,0.12,20.66,5.08,5.5,5.8
1,22,11,11/01/22,12.3,0.05,17.4,5.15,4.1,4.3
1,22,12,12/01/22,15.8,0.43,20.5,5.13,3.6,3.3
1,22,13,13/01/22,13.7,0.11,19.13,5.54,4.3,6.2
1,22,14,14/01/22,15.8,0.32,23.21,7.73,4,2
1,22,15,15/01/22,14.3,0.26,18.28,4.24,3.9,3.9
1,22,16,16/01/22,16.7,0.27,21.77,5.34,3.7,3.4
1,22,17,17/01/22,11.3,0.08,17.4,6.18,3.6,5.9
1,22,18,18/01/22,12.7,0.19,19.97,7.46,3.6,1.1
1,22,19,19/01/22,15.9,0.51,20.07,4.68,3.5,3.4
1,22,20,20/01/22,14.6,0.34,18.77,4.51,3.4,3.2
1,22,21,21/01/22,15.6,0.25,21.17,5.82,3.6,3.6
1,22,22,22/01/22,16.7,0.24,22.21,5.75,3.6,3.6
1,22,23,23/01/22,18.8,0.35,23.31,4.86,4.1,3.8
1,22,24,24/01/22,15.4,0.3,19.98,4.88,3.4,3.4
1,22,25,25/01/22,14.3,0.3,18.89,4.89,3.4,3.4
1,22,26,26/01/22,11.6,0.2,19.22,7.82,4.3,5
1,22,27,27/01/22,12.9,0.23,19.61,6.94,4.3,3.5
1,22,28,28/01/22,13.5,0.26,17.56,4.32,3.4,3.3
1,22,29,29/01/22,13,0.27,16.67,3.94,3.4,3.4
1,22,30,30/01/22,13.3,0.35,16.91,3.96,3.5,3.2
1,22,31,31/01/22,14.5,0.34,19.88,5.72,4.4,4.3
2,22,1,01/02/22,12.7,0.14,17.42,4.86,4.2,4
2,22,2,02/02/22,13.8,0.45,20.94,7.59,4.1,4.6
2,22,3,03/02/22,11,0.09,16.51,5.6,4,4.5
2,22,4,04/02/22,10.7,0.02,16.24,5.56,4.1,5.2
2,22,5,05/02/22,12,0.01,17.86,5.87,4.8,3.8
2,22,6,06/02/22,17.3,0.23,22.21,5.14,5.2,3.4
2,22,7,07/02/22,16.2,0.36,20.56,4.72,3.5,3.4
2,22,8,08/02/22,13.6,0.34,17.35,4.09,3.7,3.7
2,22,9,09/02/22,13.8,0.45,18.54,5.19,3.8,3.7
2,22,10,10/02/22,14.5,0.27,18.38,4.15,3.7,3.7
2,22,11,11/02/22,14.2,0.25,19.13,5.18,3.6,3.6
2,22,12,12/02/22,16.3,0.26,21.35,5.31,3.6,3.5
2,22,13,13/02/22,13.9,0.2,19.51,5.81,3.5,3.6
2,22,14,14/02/22,13.7,0.14,19.38,5.82,5.2,5.1
2,22,15,15/02/22,14,0.31,18.29,4.6,3.8,3.5
2,22,16,16/02/22,13.2,0.2,19.41,6.41,4.1,4.1
2,22,17,17/02/22,13.7,0.33,17.27,3.9,3.3,3.4
2,22,18,18/02/22,13.9,0.22,19.95,6.27,3.7,3.7
2,22,19,19/02/22,13.8,0.34,18.18,4.72,4,4
2,22,20,20/02/22,17,0.28,21.5,4.78,3.2,3.3
2,22,21,21/02/22,14.3,0.34,18.01,4.05,3.2,3.2
2,22,22,22/02/22,17.4,0.25,23.24,6.09,3.3,3.4
2,22,23,23/02/22,16.8,0.42,22.41,6.03,3.7,3.6
2,22,24,24/02/22,18.4,0.21,25.64,7.45,4.2,4.1
2,22,25,25/02/22,17.4,0.25,22.43,5.28,3.8,4
2,22,26,26/02/22,15.1,0.27,21.36,6.53,3.6,3.5
2,22,27,27/02/22,16.7,0.18,22.12,5.6,4.5,4.3
2,22,28,28/02/22,15.4,0.34,19.75,4.69,3.2,3
3,22,1,01/03/22,14.2,0.21,18.75,4.76,3.8,3.8
3,22,2,02/03/22,15.4,0.35,20.77,5.72,3.1,3.2
3,22,3,03/03/22,13.8,0.3,18.11,4.61,3.4,3.5
3,22,4,04/03/22,12.5,0.16,18.14,5.8,5.1,5.5
3,22,5,05/03/22,13.4,0.27,17.72,4.59,3.2,2.7
3,22,6,06/03/22,14.6,0.19,20.07,5.66,3.1,3
3,22,7,07/03/22,11.9,0.09,17.23,5.42,4.1,4.7
3,22,8,08/03/22,10.7,0.02,17.08,6.4,3.1,5.5
3,22,9,09/03/22,13.4,0.26,18.91,5.77,4.6,1.8
3,22,10,10/03/22,11.4,0.18,16.99,5.77,4.2,4.2
3,22,11,11/03/22,14.2,0.36,21.89,8.05,4.5,3.9
3,22,12,12/03/22,10.9,0.19,14.62,3.91,4.1,4.6
3,22,13,13/03/22,9.2,0.06,15.21,6.07,3.8,7.7
3,22,14,14/03/22,8.1,0.04,17.67,9.61,2,2.1
3,22,15,15/03/22,14,0.02,22.83,8.85,6.3,2.2
3,22,16,16/03/22,15.7,0.26,21.52,6.08,4.1,3.3
3,22,17,17/03/22,15.7,0.25,20.1,4.65,3.8,3.8
3,22,18,18/03/22,15.1,0.29,20.16,5.35,3.8,3.7
3,22,19,19/03/22,12.9,0.34,16.63,4.07,3.5,3.4
3,22,20,20/03/22,16,0.13,20.97,5.1,4.9,4.9
3,22,21,21/03/22,14.7,0.3,19,4.6,3.4,3.4
3,22,22,22/03/22,16,0.35,21.04,5.39,3.6,3.6
3,22,23,23/03/22,14.1,0.29,19.35,5.54,3.4,3.3
3,22,24,24/03/22,13.8,0.21,18.31,4.72,3.7,3.6
3,22,25,25/03/22,8.7,0.05,16.64,7.99,2.6,6.5
3,22,26,26/03/22,16,0.01,26.18,10.19,5.8,3.9
3,22,27,27/03/22,15.2,0.22,20.67,5.69,5.5,2.9
3,22,28,28/03/22,14.8,0.35,20.35,5.9,3,2.7
3,22,29,29/03/22,12.5,0.24,17.91,5.65,3.9,4.1
3,22,30,30/03/22,17.6,0.29,23.21,5.9,5.4,5.8
3,22,31,31/03/22,5.8,0,13.74,7.94,1.5,5.5
4,22,1,01/04/22,10.3,0.09,26.3,16.09,8.4,3.8
4,22,2,02/04/22,8.2,0.07,14.38,6.25,3.3,3.1
4,22,3,03/04/22,17.8,0.19,24.32,6.71,5.8,5.1
4,22,4,04/04/22,11.3,0.33,15.75,4.78,3.1,3
4,22,5,05/04/22,15.4,0.29,20.21,5.1,4.9,4.9
4,22,6,06/04/22,16.1,0.4,23.08,7.38,3.7,3.7
4,22,7,07/04/22,12.7,0.22,17.49,5.01,2.9,2.8
4,22,8,08/04/22,13.6,0.03,20.39,6.82,4.3,5.1
4,22,9,09/04/22,10.8,0,16.2,5.4,4.6,4.9
4,22,10,10/04/22,11,0.01,19.2,8.21,4,5.1
4,22,11,11/04/22,17.8,0.16,25,7.36,5.1,2.7
4,22,12,12/04/22,12,0.24,15.25,3.49,3.7,4.2
4,22,13,13/04/22,15.7,0.34,20.96,5.6,4.3,4.4
4,22,14,14/04/22,16.5,0.41,24.83,8.74,4.4,4.1
4,22,15,15/04/22,10.9,0.03,20.77,9.9,4,5.5
4,22,16,16/04/22,14.6,0.09,20.81,6.3,5.1,4
4,22,17,17/04/22,15,0.15,22.22,7.37,4.9,7.9
4,22,18,18/04/22,8.6,0,25.4,16.8,3.2,1.4
4,22,19,19/04/22,13.3,0.31,23.83,10.84,4.3,2
4,22,20,20/04/22,16.3,0.24,25.34,9.28,4.5,3.6
4,22,21,21/04/22,13.9,0.15,19.36,5.61,2.5,3
4,22,22,22/04/22,12.9,0.1,18.26,5.46,5.3,5.7
4,22,23,23/04/22,4.9,0.03,15.17,10.3,4.4,4.8
4,22,24,24/04/22,15.7,0.13,21,5.43,6.8,5.9
4,22,25,25/04/22,12.9,0.1,21.41,8.61,5.1,6.8
4,22,26,26/04/22,14.9,0.48,23.05,8.63,4.8,2
4,22,27,27/04/22,14.6,0.24,19.63,5.27,5.5,5.2
4,22,28,28/04/22,14.9,0.27,21.18,6.55,4.1,4
4,22,29,29/04/22,19.5,0.29,26.21,7,4.5,4.4
4,22,30,30/04/22,16.6,0.27,20.06,3.73,4.5,4.3
5,22,1,01/05/22,15,0.22,19.74,4.96,2.9,3
5,22,2,02/05/22,17.3,0.17,22.21,5.08,4.9,4.8
5,22,3,03/05/22,15.2,0.24,19.3,4.34,3.9,3.7
5,22,4,04/05/22,16,0.15,20.23,4.38,4.1,4.3
5,22,5,05/05/22,15.7,0.24,19.31,3.85,4.7,4.7
5,22,6,06/05/22,14.7,0.37,25.52,11.19,3.7,3
5,22,7,07/05/22,10.9,0.06,16.82,5.98,4.6,6.1
5,22,8,08/05/22,14.8,0.2,23.2,8.6,7.3,5.9
5,22,9,09/05/22,16.5,0.27,20.87,4.64,5.6,5.3
5,22,10,10/05/22,15,0.26,20.18,5.44,4.7,4.4
5,22,11,11/05/22,15.3,0.3,20.99,5.99,5,4.7
5,22,12,12/05/22,15.6,0.28,17.02,1.7,4.3,4
5,22,13,13/05/22,14.7,0.39,19.78,5.47,4.9,3.5
5,22,14,14/05/22,15.6,0.23,20.16,4.79,4.2,4.1
5,22,15,15/05/22,17.7,0.28,22.61,5.19,4.1,3.9
5,22,16,16/05/22,12.9,0.29,17.07,4.46,3.7,4.7
5,22,17,17/05/22,16.1,0.21,20.34,4.45,4.9,3.4
5,22,18,18/05/22,13.6,0.3,19.21,5.91,4.3,4.1
5,22,19,19/05/22,7.4,0.02,15.88,8.5,2.1,7.1
5,22,20,20/05/22,3.1,0,23.09,19.99,6.5,3.2
5,22,21,21/05/22,13.5,0.08,17.94,4.52,5.2,3.5
5,22,22,22/05/22,16.6,0.18,20.33,3.91,4,3.8
5,22,23,23/05/22,13.3,0.27,17.49,4.46,4.2,3.9
5,22,24,24/05/22,14.8,0.18,19.08,4.46,3.9,4.1
5,22,25,25/05/22,13.5,0.4,17.07,3.97,5.3,5.5
5,22,26,26/05/22,7.7,0.01,18.57,10.88,5.5,7.2
5,22,27,27/05/22,13.6,0.27,19.55,6.22,4.9,2.4
5,22,28,28/05/22,17.3,0.27,22.26,5.23,4.1,4.1
5,22,29,29/05/22,12.5,0.09,17.82,5.41,4.1,6
5,22,30,30/05/22,12.3,0.34,19.21,7.25,5.4,3.9
5,22,31,31/05/22,15.7,0.15,20.37,4.82,6.4,5.6
6,22,1,01/06/22,14.7,0.22,19.75,5.27,5.1,4.6
6,22,2,02/06/22,15.1,0.26,19.64,4.8,4.2,4.1
6,22,3,03/06/22,13.3,0.38,18.23,5.31,4.1,4.1
6,22,4,04/06/22,14.5,0.26,18.22,3.98,3.6,3.5
6,22,5,05/06/22,15.7,0.12,20.85,5.27,4.3,4.2
6,22,6,06/06/22,13.1,0.24,17.33,4.47,4.2,3.9
6,22,7,07/06/22,13.7,0.24,17.24,3.78,3.6,3.6
6,22,8,08/06/22,12.3,0.3,17.25,5.25,4.2,4
6,22,9,09/06/22,13.4,0.14,19.07,5.81,6.8,7.5
6,22,10,10/06/22,13.3,0.28,18.34,5.32,4.9,3.8
6,22,11,11/06/22,15.4,0.21,20.43,5.24,4.2,4.1
6,22,12,12/06/22,12.5,0.07,18.24,5.81,4.2,4.7
6,22,13,13/06/22,8.3,0.02,19.79,11.51,4.4,5.4
6,22,14,14/06/22,12.6,0.07,23.59,11.06,7.8,7.2
6,22,15,15/06/22,14,0.18,21.88,8.06,6.2,4.4
6,22,16,16/06/22,13.8,0.25,19.03,5.48,5.2,5.2
6,22,17,17/06/22,10.2,0.27,15.6,5.67,3.6,3.4
6,22,18,18/06/22,13.2,0.23,18.1,5.13,3.3,3.3
6,22,19,19/06/22,15.4,0.25,21.69,6.54,3.3,3.3
6,22,20,20/06/22,3.3,0.04,21.11,17.85,3.7,4.7
6,22,21,21/06/22,13.2,0.03,23.25,10.08,7.2,7.8
6,22,22,22/06/22,5.9,0.91,19.82,14.83,3.7,3.3
6,22,23,23/06/22,3.1,0.18,16.4,13.48,2.1,1.2
6,22,24,24/06/22,5.9,0.52,15.59,10.21,0.7,1.4
6,22,25,25/06/22,10.1,0.1,17.69,7.69,3.7,3.1
6,22,26,26/06/22,12.6,0.14,20.11,7.65,3.6,3.7
6,22,27,27/06/22,14.3,0.16,21.48,7.34,5.7,4.8
6,22,28,28/06/22,11,0.42,19.76,9.18,4,3.7
6,22,29,29/06/22,9.2,0.91,19.89,11.6,3.3,4.1
6,22,30,30/06/22,12.2,0.88,20.64,9.32,3.9,3.9
7,22,1,01/07/22,10.4,0.65,20.31,10.56,3.3,3.1
7,22,2,02/07/22,12.7,0.22,24.04,11.56,5.4,3.6
7,22,3,03/07/22,9.6,0.03,18.81,9.24,4.8,5.3
7,22,4,04/07/22,9.2,0.32,21.81,12.93,4.7,4.9
7,22,5,05/07/22,2.2,0.06,16.74,14.6,4.5,4.4
7,22,6,06/07/22,8.2,0.78,21.61,14.19,3.8,3.4
7,22,7,07/07/22,9.6,0.85,16.56,7.81,3.1,3.6
7,22,8,08/07/22,11.1,0.87,19.78,9.55,4.7,4.1
7,22,9,09/07/22,11.1,0.18,20.47,9.55,9.4,8.2
7,22,10,10/07/22,9.9,0.07,20.12,10.29,5.6,9
7,22,11,11/07/22,8.3,0.94,18.77,11.41,4.6,0.9
7,22,12,12/07/22,8.1,0.9,16.46,9.26,0.4,0.6
7,22,13,13/07/22,13.9,0.61,26.14,12.85,0.7,0.9
7,22,14,14/07/22,5.8,1.22,16.13,11.55,1.1,1.4
7,22,15,15/07/22,10.2,1,20.6,11.4,0.1,0
7,22,16,16/07/22,14.3,1.25,23.2,10.15,0,0.7
7,22,17,17/07/22,16.5,0.22,23.7,7.42,7.2,5.9
7,22,18,18/07/22,10.6,1.2,21.28,11.88,0.1,0.3
7,22,19,19/07/22,10.5,0.85,21.91,12.26,0,0
7,22,20,20/07/22,4.4,0.17,20.77,16.54,0,0.5
7,22,21,21/07/22,11.7,1.29,20.19,9.78,0,0.7
7,22,22,22/07/22,10.1,1.22,20.52,11.64,0.3,0
7,22,23,23/07/22,4.9,0.52,21.75,17.37,0,0.1
7,22,24,24/07/22,7.9,0.97,18.38,11.45,1.4,2.9
7,22,25,25/07/22,12.9,1.05,23.56,11.71,4.1,1.3
7,22,26,26/07/22,13.9,0.77,21.79,8.66,4.8,4.3
7,22,27,27/07/22,11.3,0.58,20.35,9.63,5.6,5.7
7,22,28,28/07/22,13.9,0.65,22.16,8.91,5.5,5.3
7,22,29,29/07/22,12.7,0.6,21.24,9.14,4.6,4
7,22,30,30/07/22,16.2,0.57,25.41,9.78,5.4,5.9
7,22,31,31/07/22,15,0.75,21.96,7.71,4.8,4
8,22,1,01/08/22,12.3,0.58,20.57,8.85,4.6,4.2
8,22,2,02/08/22,14.9,0.64,22.4,8.14,5.2,5.8
8,22,3,03/08/22,8.5,0.19,19,10.69,3.6,5.3
8,22,4,04/08/22,12.8,0.31,23.14,10.65,5.8,3.7
8,22,5,05/08/22,13.5,0.55,21.34,8.39,4.6,4.3
8,22,6,06/08/22,15.2,0.53,23.05,8.38,4.6,3.8
8,22,7,07/08/22,8,0.03,20.87,12.9,4.5,7.5
8,22,8,08/08/22,10.6,0.36,24.59,14.35,5,3.1
8,22,9,09/08/22,15.8,0.56,24.31,9.07,4.8,3.2
8,22,10,10/08/22,12.8,0.65,21.54,9.39,4.6,4.7
8,22,11,11/08/22,14.1,0.42,22.6,8.92,6.1,6.4
8,22,12,12/08/22,11.2,0.28,22.25,11.33,6,5.7
8,22,13,13/08/22,2.9,0.05,24.38,21.53,5.2,5.2
8,22,14,14/08/22,11.3,0.85,22.09,11.64,5.8,4.8
8,22,15,15/08/22,10,0.97,19.01,9.98,5.3,4.8
8,22,16,16/08/22,12.2,0.86,20.42,9.08,4.6,5.6
8,22,17,17/08/22,9,0.72,19.24,10.96,4.6,3.3
8,22,18,18/08/22,12.8,0.81,20.51,8.52,4.2,4.3
8,22,19,19/08/22,9,0.89,19.08,10.97,5.4,5.4
8,22,20,20/08/22,10.5,0.28,20.45,10.23,6.5,6.4
8,22,21,21/08/22,13.8,0.74,21.61,8.55,4.4,3.6
8,22,22,22/08/22,10.4,0.73,20.18,10.51,4.6,4.4
8,22,23,23/08/22,15.7,0.89,25.13,10.32,4.5,4.4
8,22,24,24/08/22,13,0.93,22.05,9.98,4.2,4
8,22,25,25/08/22,14.1,0.59,23.85,10.34,4.5,4.5
8,22,26,26/08/22,9.6,0.55,19.7,10.65,4.5,4.3
8,22,27,27/08/22,14.2,0.73,26.04,12.57,4.3,4.3
8,22,28,28/08/22,13.3,0.67,22.68,10.05,4.2,3.9
8,22,29,29/08/22,9.1,0.7,20.07,11.67,4.1,4.4
8,22,30,30/08/22,12.1,0.73,21.49,10.12,5.4,5.1
8,22,31,31/08/22,9.2,0.74,17.71,9.25,4.3,4
9,22,1,01/09/22,12.4,0.83,20.06,8.49,4.6,4.9
9,22,2,02/09/22,10.8,0.75,28.4,18.35,5.1,4.3
9,22,3,03/09/22,18.3,0.89,31.81,14.4,4.8,5
9,22,4,04/09/22,13.5,0.68,22.74,9.92,4.5,4.2
9,22,5,05/09/22,10.9,0.71,21.39,11.2,4.6,4.4
9,22,6,06/09/22,13,0.75,21.65,9.4,4.4,4.3
9,22,7,07/09/22,12,0.76,18.59,7.35,3.7,3.6
9,22,8,08/09/22,9.8,0.77,17.83,8.8,4.3,4.1
9,22,9,09/09/22,12.9,0.79,21.79,9.68,4.4,5.2
9,22,10,10/09/22,7.6,0.29,13.59,6.28,3.4,3.2
9,22,11,11/09/22,14.3,0.36,21.92,7.98,4.9,5.3
9,22,12,12/09/22,11.4,0.49,21.22,10.31,5.4,4.4
9,22,13,13/09/22,13.9,0.56,22.31,8.97,4.6,4.2
9,22,14,14/09/22,13.4,0.54,22.43,9.57,4.1,4.2
9,22,15,15/09/22,15.5,0.43,23.15,8.08,3.7,4.5
9,22,16,16/09/22,9.2,0.24,21.21,12.25,5.7,3.9
9,22,17,17/09/22,11.8,0.11,22.93,11.24,6.3,6.3
9,22,18,18/09/22,5.2,0.01,23.56,18.37,7.4,7.2
9,22,19,19/09/22,6,0.02,19.43,13.45,5.7,5.6
9,22,20,20/09/22,13.5,0.15,22.5,9.15,4.4,4.2
9,22,21,21/09/22,11.2,0.33,19.04,8.17,4.2,4.7
9,22,22,22/09/22,13.3,0.2,19.37,6.27,4.6,4.3
9,22,23,23/09/22,12,0.16,20.2,8.36,4.5,4.1
9,22,24,24/09/22,12.8,0.12,26.26,13.58,5.4,5.5
9,22,25,25/09/22,7,0.13,22.66,15.79,5.7,5.1
9,22,26,26/09/22,3.3,0.02,17.39,14.11,5.2,5.1
9,22,27,27/09/22,7.6,0.12,22.62,15.14,7.5,7.2
9,22,28,28/09/22,5.9,0.14,20.32,14.56,4.6,4.6
9,22,29,29/09/22,4.2,0.06,27.88,23.74,7.4,6.9
9,22,30,30/09/22,7.6,0.35,15.34,8.09,2.5,2.5
10,22,1,01/10/22,11.6,0.37,21.48,10.25,2.3,2.5
10,22,2,02/10/22,13.1,0.33,21.67,8.9,2.2,2
10,22,3,03/10/22,10.8,0.32,16.4,5.92,0.6,0.5
10,22,4,04/10/22,8.4,0.24,17.45,9.29,3.8,4
10,22,5,05/10/22,12.8,0.25,20.54,7.99,3.1,3.4
10,22,6,06/10/22,12.8,0.3,22.28,9.78,5.3,5.1
10,22,7,07/10/22,12.2,0.65,22.84,11.29,4.9,4.3
10,22,8,08/10/22,14.5,0.58,23.01,9.09,2.2,2.2
10,22,9,09/10/22,16.5,0.71,21.64,5.85,4.1,4
10,22,10,10/10/22,13.4,0.6,20.41,7.61,4.1,4
10,22,11,11/10/22,13,0.15,21.6,8.75,6.3,6.5
10,22,12,12/10/22,12.7,0.34,22.12,9.76,5.8,5.6
10,22,13,13/10/22,13.9,0.15,23.63,9.88,8.8,7.8
10,22,14,14/10/22,9.6,0.09,21.32,11.81,6.3,6.1
10,22,15,15/10/22,6.7,0.08,21.41,14.79,7.9,7.5
10,22,16,16/10/22,7.7,0.04,22.57,14.91,8.7,8.1
10,22,17,17/10/22,13.4,0.19,21.73,8.52,5.5,5.4
10,22,18,18/10/22,0,0,0.02,0.02,0,0.2
10,22,19,19/10/22,12.3,0.4,21.17,9.27,4.3,4.2
10,22,20,20/10/22,19.4,0.11,26.78,7.49,5.4,5
10,22,21,21/10/22,12.2,0.3,20,8.1,5.3,5.7
10,22,22,22/10/22,2.7,0.06,5.8,3.16,0.7,0.6
10,22,23,23/10/22,12.4,0.28,18.64,6.52,4.2,4.1
10,22,24,24/10/22,0,0,0.97,0.97,0.2,0.7
10,22,25,25/10/22,9.6,0.2,18.29,8.89,5.1,4.5
10,22,26,26/10/22,8.6,0.45,20.37,12.22,4.2,4.2
10,22,27,27/10/22,13.3,0.28,28.92,15.9,4.7,4.5
10,22,28,28/10/22,8,0.3,16.5,8.8,4,3.9
10,22,29,29/10/22,15,0.27,27.17,12.44,4.4,4.3
10,22,30,30/10/22,15.3,0.16,22.06,6.92,3.6,3.6
10,22,31,31/10/22,12.3,0.29,19.14,7.13,3.9,3.8
11,22,1,01/11/22,14.3,0.34,20.79,6.83,3.8,3.9
11,22,2,02/11/22,16.1,0.41,21.68,5.99,4.6,4.1
11,22,3,03/11/22,11.1,0.29,21.08,10.27,4.2,4
11,22,4,04/11/22,11.5,0.4,19.92,8.82,4.1,4.4
11,22,5,05/11/22,0,0,0.98,0.98,0.2,0.5
11,22,6,06/11/22,13.5,0.41,19.99,6.9,4.1,3.7
11,22,7,07/11/22,8.7,0.14,22,13.44,5.9,5.8
11,22,8,08/11/22,12.2,0.12,20.31,8.23,6.4,6.4
11,22,9,09/11/22,12.1,0.31,22.43,10.64,7.4,6.7
11,22,10,10/11/22,10.4,0.25,20.59,10.44,5.7,5.5
11,22,11,11/11/22,10.1,0.23,19.11,9.24,3.4,3.3
11,22,12,12/11/22,7.2,0.09,21.53,14.42,6.5,6.3
11,22,13,13/11/22,15.5,0.33,21.65,6.48,4.8,4.8
11,22,14,14/11/22,12.9,0.37,19.26,6.73,4,3.8
11,22,15,15/11/22,10.6,0.37,19.52,9.29,3,3
11,22,16,16/11/22,10.8,0.32,17.11,6.63,4.2,4.1
11,22,17,17/11/22,12.2,0.44,19.87,8.11,5.4,6.1
11,22,18,18/11/22,15.9,0.31,22.63,7.04,7,6.3
11,22,19,19/11/22,15,0.12,21.01,6.13,5.8,5.7
11,22,20,20/11/22,18.4,0.3,24.35,6.25,4.1,3.7
11,22,21,21/11/22,13.2,0.35,19.08,6.23,3.8,4.6
11,22,22,22/11/22,15.7,0.17,26.7,11.17,6.4,5.7
11,22,23,23/11/22,12.8,0.38,19.33,6.91,4.3,4.2
11,22,24,24/11/22,11.9,0.19,20.29,8.58,4.5,4.1
11,22,25,25/11/22,12.8,0.14,21.72,9.06,6,5.8
11,22,26,26/11/22,11.9,0.06,23.2,11.36,6.6,6.2
11,22,27,27/11/22,13.3,0.22,22.22,9.14,5.7,5.4
11,22,28,28/11/22,14.2,0.15,22.68,8.63,5.4,5.3
11,22,29,29/11/22,14,0.37,21.5,7.87,4.4,4.3
11,22,30,30/11/22,13,0.4,24.57,11.97,4.7,4.7
12,22,1,01/12/22,0,0,0.13,0.13,0,0.3
12,22,2,02/12/22,13.4,0.24,24.22,11.06,4.9,4.4
12,22,3,03/12/22,14.1,0.22,18.72,4.84,4.2,4.4
12,22,4,04/12/22,14.1,0.07,20.51,6.48,6.3,6.1
12,22,5,05/12/22,13.5,0.07,24.31,10.88,9,8.6
12,22,6,06/12/22,19,0.3,26.64,7.94,5.7,5.7
12,22,7,07/12/22,12.5,0.23,21.08,8.81,4.7,4.4
12,22,8,08/12/22,9.7,0.11,20.27,10.68,4.7,5.1
12,22,9,09/12/22,11.4,0.4,24.08,13.08,4.4,3.2
12,22,10,10/12/22,8.6,0.24,19.17,10.81,4.1,4
12,22,11,11/12/22,6.1,0.13,14.31,8.34,1.8,1.8
12,22,12,12/12/22,12.2,0.24,17.76,5.8,2.4,3
12,22,13,13/12/22,13.5,0.15,21.52,8.17,2.8,2.4
12,22,14,14/12/22,10.5,0.32,17.48,7.3,3.6,3.7
12,22,15,15/12/22,4.5,0.02,14.35,9.87,1.4,1.6
12,22,16,16/12/22,6.2,0.17,14.9,8.87,0.6,0.6
12,22,17,17/12/22,8.6,0,23.07,14.47,4.5,4.7
12,22,18,18/12/22,10.5,0.24,18.43,8.17,2.8,2.9
12,22,19,19/12/22,9.2,0.17,17.05,8.02,2.9,2.8
12,22,20,20/12/22,13.4,0.07,22.91,9.58,3.5,3.6
12,22,21,21/12/22,14.2,0.4,24,10.2,2.2,2.6
12,22,22,22/12/22,11.3,0.24,21.32,10.26,1.7,1.5
12,22,23,23/12/22,8.6,0.28,18.2,9.88,2.3,2.4
12,22,24,24/12/22,9.4,0.3,21.74,12.64,1.5,1.1
12,22,25,25/12/22,14.1,0.3,24.32,10.52,4.4,4.2
12,22,26,26/12/22,11.4,0.51,18.82,7.93,1.9,1.6
12,22,27,27/12/22,18,0.23,24.29,6.52,2.3,2.3
12,22,28,28/12/22,12,0.33,18.84,7.17,2.4,2.4
12,22,29,29/12/22,7.3,0.26,16.94,9.9,3.4,3.4
12,22,30,30/12/22,12.4,0.18,22.7,10.48,2.9,3
12,22,31,31/12/22,13.4,0.38,21.37,8.35,1.9,1.9
1,23,1,01/01/23,14.2,0.37,22.53,8.7,2,2.4
1,23,2,02/01/23,16.9,0.38,27.63,11.11,2.7,2.3
1,23,3,03/01/23,11.6,0.26,20.34,9,2.5,2.3
1,23,4,04/01/23,12.2,0.35,21.92,10.07,3.3,3.3
1,23,5,05/01/23,6.5,0.01,19.23,12.74,4.5,4.7
1,23,6,06/01/23,14.7,0.48,24.26,10.04,4.1,4
1,23,7,07/01/23,11.9,0.38,18.44,6.92,1.4,1.6
1,23,8,08/01/23,12,0.36,18.31,6.67,1.5,1.5
1,23,9,09/01/23,14.6,0.29,21.25,6.94,3.1,2.5
1,23,10,10/01/23,17.4,0.26,23.6,6.46,3.9,3.9
1,23,11,11/01/23,12.9,0.41,20.63,8.14,4.8,4.8
1,23,12,12/01/23,10.5,0.08,16.24,5.82,4.9,5.5
1,23,13,13/01/23,15.6,0.37,24.64,9.41,6.6,5.5
1,23,14,14/01/23,11.9,0.14,18.66,6.9,5.7,5.6
1,23,15,15/01/23,12.3,0.04,22.04,9.78,6.4,6.2
1,23,16,16/01/23,11.1,0.19,19.04,8.13,4.8,4.9
1,23,17,17/01/23,12,0.15,20.68,8.83,3.9,3.8
1,23,18,18/01/23,12.8,0.12,21.13,8.45,4,3.8
1,23,19,19/01/23,13.8,0.12,22.78,9.1,3.7,3.6
1,23,20,20/01/23,16,2.65,23.42,10.07,5.6,5.6
1,23,21,21/01/23,14.4,3.49,18.92,8.01,3.4,3.3
1,23,22,22/01/23,8.8,0.27,27.01,18.48,8.1,8
1,23,23,23/01/23,28.7,13.83,22.81,7.94,3.2,2.9
1,23,24,24/01/23,10,1.49,19.72,11.21,4.7,4.8
1,23,25,25/01/23,17.4,4.36,21.65,8.61,6.7,5.8
1,23,26,26/01/23,26.1,7.43,25.28,6.61,4.4,4.2
1,23,27,27/01/23,23.1,7.58,20.96,5.44,4,4.1
1,23,28,28/01/23,20.6,5.62,21.52,6.54,4.5,4.5
1,23,29,29/01/23,22.5,8.89,20.98,7.37,2.9,2.8
1,23,30,30/01/23,17.3,6.81,17.82,7.33,3.8,3.8
1,23,31,31/01/23,24,9.24,22.14,7.38,3.1,3.2
2,23,1,01/02/23,22.5,9.69,20.81,8,2.5,2.7
2,23,2,02/02/23,19.1,7.85,19.58,8.33,2.7,2.7
2,23,3,03/02/23,17.1,3.88,22.46,9.24,5.5,5.2
2,23,4,04/02/23,22.4,12.83,18.53,8.96,3,2.8
2,23,5,05/02/23,29.7,12.75,23.53,6.58,3.3,3.3
2,23,6,06/02/23,29.3,13.12,23.28,7.1,3.4,3.4
2,23,7,07/02/23,14.2,3.46,20.32,9.58,3.6,3.6
2,23,8,08/02/23,9,0.18,21.45,12.63,4.3,4.4
2,23,9,09/02/23,10.8,0.11,22.12,11.43,8.4,8.1
2,23,10,10/02/23,25,9.24,20.63,4.87,6.7,6
2,23,11,11/02/23,15.6,2.1,20.69,7.19,8,7.6
2,23,12,12/02/23,22.3,4.21,25.84,7.75,5.9,6.1
2,23,13,13/02/23,23.8,11.71,21.68,9.59,4,3.7
2,23,14,14/02/23,25.8,9.83,25.27,9.3,5.1,5
2,23,15,15/02/23,6.5,1.37,20.16,15.03,5.2,5
2,23,16,16/02/23,9,1.51,21.22,13.73,7,6.7
2,23,17,17/02/23,8.4,2.88,19.87,14.35,5.3,5.4
2,23,18,18/02/23,17.9,9.69,19.53,11.32,2.1,2.3
2,23,19,19/02/23,21,10.2,20.66,9.86,2.6,2.6
2,23,20,20/02/23,14.4,7.58,19.86,13.04,3.9,3.9
2,23,21,21/02/23,17.1,7.32,17.31,7.53,2.7,3.4
2,23,22,22/02/23,24,12.16,20.25,8.41,2.2,2.1
2,23,23,23/02/23,23,11.56,19.86,8.42,2.4,1.9
2,23,24,24/02/23,13.9,4.63,20.66,11.39,1.6,1.9
2,23,25,25/02/23,11,2.02,16.15,7.17,3,3.3
2,23,26,26/02/23,18.1,6.55,21.83,10.28,4.2,3.8
2,23,27,27/02/23,21.9,9.34,22.24,9.68,1.7,1.8
2,23,28,28/02/23,16.1,3.6,22.26,9.76,4.8,4.6
3,23,1,01/03/23,22.3,11.28,20.05,9.03,1,1.4
3,23,2,02/03/23,21.2,12.67,19.51,10.98,1.1,1.2
3,23,3,03/03/23,20.8,12.25,22.14,13.59,1,1
3,23,4,04/03/23,21.2,11.64,19.59,10.03,1.1,1.2
3,23,5,05/03/23,20.1,8.64,26.46,15,5.3,5.4
3,23,6,06/03/23,18.7,8.35,19.18,8.83,1.5,1.5
3,23,7,07/03/23,17.5,10.26,18.55,11.31,1.5,1.6
3,23,8,08/03/23,21.7,10.16,23.49,11.95,2.1,1.8
3,23,9,09/03/23,24.3,10.34,24.2,10.24,1.7,1.7
3,23,10,10/03/23,22.8,11.81,20.62,9.63,1.4,1.5
3,23,11,11/03/23,19.6,7.59,21.98,9.97,2.5,2.5
3,23,12,12/03/23,19.4,5.53,22.84,8.97,4.4,4.4
3,23,13,13/03/23,21.9,14.2,18.52,10.82,1.5,1.5
3,23,14,14/03/23,12.4,5.45,19.76,12.81,3.7,3.6
3,23,15,15/03/23,12.1,5.22,19.87,12.99,0.9,1
3,23,16,16/03/23,12,3.81,21.68,13.49,3.8,3.6
3,23,17,17/03/23,18.4,7.98,21.67,11.25,1,1.4
3,23,18,18/03/23,25.7,13.87,22.51,10.68,0.6,0.3
3,23,19,19/03/23,23.5,11.65,23.89,12.04,3.3,3.1
3,23,20,20/03/23,9.9,1.51,20.88,12.49,3.3,3
3,23,21,21/03/23,29.6,12.57,26.42,9.39,0.4,0.5
3,23,22,22/03/23,27.2,16.24,19.9,8.94,0.4,0.7
3,23,23,23/03/23,7.8,0.8,21.47,14.47,6.5,6.5
3,23,24,24/03/23,12.6,3.16,23.35,13.91,2.4,1.9
3,23,25,25/03/23,26.1,15.3,22.38,11.58,1.3,1.2
3,23,26,26/03/23,21.2,9.26,21.1,9.16,1.7,1.6
3,23,27,27/03/23,28.6,15.84,24.05,11.29,1.2,1.3
3,23,28,28/03/23,24.2,7.49,29.48,12.77,1.2,1.3
3,23,29,29/03/23,26.4,14.37,25.04,13.01,0.8,0.7
3,23,30,30/03/23,22.4,10.24,22.96,10.8,1.4,1.5
3,23,31,31/03/23,24.1,11.72,22.04,9.66,1.8,1.9
4,23,1,01/04/23,20.1,13.39,15.8,9.09,0.6,0.8
4,23,2,02/04/23,20.2,11.94,16.62,8.36,1,1.2
4,23,3,03/04/23,11.6,1.99,19.07,9.46,2.9,2.8
4,23,4,04/04/23,3.6,0,11.81,8.21,0.9,0.9
4,23,5,05/04/23,21.8,12.68,17.31,8.19,0.5,1.1
4,23,6,06/04/23,22,11.03,21.92,10.95,1.9,1.8
4,23,7,07/04/23,19.6,10.05,23.5,13.95,1.5,1.1
4,23,8,08/04/23,6.6,1.11,19.43,13.94,3.7,4
4,23,9,09/04/23,11.6,1.5,23.57,13.47,6.1,5.4
4,23,10,10/04/23,24.8,14.66,19.13,8.99,0.4,0.6
4,23,11,11/04/23,20.7,5.94,22.82,8.06,2,3.1
4,23,12,12/04/23,13.3,0.78,19.31,6.79,3.1,5.7
4,23,13,13/04/23,11.8,4.11,20.7,13.01,6.4,1.8
4,23,14,14/04/23,17.7,6.41,23.22,11.93,3,2.8
4,23,15,15/04/23,15.6,6.73,17.89,9.02,2.8,2.7
4,23,16,16/04/23,15.1,6.31,19.57,10.78,2,2.1
4,23,17,17/04/23,20.3,9.95,19.16,8.81,1.1,1.4
4,23,18,18/04/23,16.9,9.4,18.6,11.1,1.4,1.4
4,23,19,19/04/23,13.5,6.71,17.33,10.54,1.8,1.6
4,23,20,20/04/23,4.9,0.35,19.21,14.66,1.7,1.6
4,23,21,21/04/23,15.8,6.53,18.68,9.41,1.4,2.1
4,23,22,22/04/23,6.3,1.84,19.02,14.56,3,2.8
4,23,23,23/04/23,17.7,8.11,22.23,12.64,3.8,3.5
4,23,24,24/04/23,5.8,0.79,18.68,13.67,1.7,1.7
4,23,25,25/04/23,11.5,2.96,21.4,12.86,4.2,4.5
4,23,26,26/04/23,16.9,8.8,23.51,15.41,1.6,1.1
4,23,27,27/04/23,21.3,9.57,23.92,12.19,1.8,1.8
4,23,28,28/04/23,17.6,9.36,21.91,13.67,1.2,1.4
4,23,29,29/04/23,19.1,10.62,17.68,9.2,2.1,2.2
4,23,30,30/04/23,11.3,3.4,23.62,15.72,3.5,3.4
5,23,1,01/05/23,23.1,15.1,18.3,10.3,0.1,0.4
5,23,2,02/05/23,17.1,9.7,17.07,9.67,0.8,0.8
5,23,3,03/05/23,18.1,9.19,19.83,10.92,3.7,3.5
5,23,4,04/05/23,19.6,8.61,22.78,11.79,4.3,4.4
5,23,5,05/05/23,17.8,7.75,21.01,10.96,3.6,3.5
5,23,6,06/05/23,15.1,6.57,20.56,12.03,4.9,4.9
5,23,7,07/05/23,8.4,1.21,22.41,15.22,3.9,3.8
5,23,8,08/05/23,21.7,12.2,22.43,12.93,3.7,3.3
5,23,9,09/05/23,24.4,11.79,24.6,11.99,2.7,2.7
5,23,10,10/05/23,24.3,14.08,22.59,12.37,1.7,1.7
5,23,11,11/05/23,9.9,2.77,21.79,14.66,4.3,4.6
5,23,12,12/05/23,2.5,0.03,17.71,15.24,6.1,6.6
5,23,13,13/05/23,2.1,0,27.67,25.57,6.9,5.8
5,23,14,14/05/23,7.5,1.67,21.46,15.63,2.4,2.2
5,23,15,15/05/23,18.3,9.79,19.61,11.1,1.8,1.7
5,23,16,16/05/23,15.4,4.1,21.25,9.95,2.7,2.8
5,23,17,17/05/23,11.2,4.33,16.33,9.46,1.2,1.2
5,23,18,18/05/23,7.5,1.01,22.85,16.36,3.1,3.1
5,23,19,19/05/23,11.9,4.15,18.27,10.52,0.7,0.6
5,23,20,20/05/23,13.2,4.23,21.15,12.18,0.7,0.5
5,23,21,21/05/23,6.5,1.23,23.18,17.91,5.6,5.7
5,23,22,22/05/23,10.1,3.73,18.6,12.23,2.3,2
5,23,23,23/05/23,11,3.9,17.31,10.21,3.5,3.4
5,23,24,24/05/23,11.2,4.04,18.14,10.98,2.8,2.9
5,23,25,25/05/23,4,0.1,18.54,14.64,4.5,7.2
5,23,26,26/05/23,14.4,4.54,24.75,14.89,6,2.7
5,23,27,27/05/23,19.4,4.85,26.28,11.73,4.6,4.6
5,23,28,28/05/23,13.2,3.51,19.2,9.51,4.4,4.2
5,23,29,29/05/23,1.3,0.06,15,13.76,4,3.9
5,23,30,30/05/23,1.9,0,17.25,15.35,5.3,5.5
5,23,31,31/05/23,11.7,4.14,19.81,12.25,2.8,2.1
6,23,1,01/06/23,13.7,4.13,19.68,10.11,1.6,1.6
6,23,2,02/06/23,12.4,4.7,19.85,12.15,2.2,1.9
6,23,3,03/06/23,14.1,4.09,23.78,13.77,2.7,2.6
6,23,4,04/06/23,12.8,4.72,18.29,10.21,3,2.8
6,23,5,05/06/23,14.7,6.04,20.47,11.81,1.5,1.8
6,23,6,06/06/23,17.3,5.33,23.4,11.43,2.9,2.6
6,23,7,07/06/23,16,6.31,21.49,11.8,1.5,1.4
6,23,8,08/06/23,16.5,5.14,24.42,13.06,1.8,1.6
6,23,9,09/06/23,11.8,4.59,20.96,13.75,2.5,2.3
6,23,10,10/06/23,16.1,6.33,20.87,11.1,2,1.8
6,23,11,11/06/23,14.9,4.08,22.05,11.23,2.2,2.1
6,23,12,12/06/23,14.4,5.56,20.89,12.05,2.1,2
6,23,13,13/06/23,9,3.72,17.15,11.87,1.9,1.9
6,23,14,14/06/23,4.3,0.58,20.54,16.82,2.9,2.8
6,23,15,15/06/23,11.5,2.36,26.85,17.71,1.9,1.7
6,23,16,16/06/23,14.7,6.53,19.14,10.97,2.3,2.1
6,23,17,17/06/23,15.3,5.49,25.92,16.11,1.8,1.6
6,23,18,18/06/23,13.6,6,18.47,10.87,1.6,1.6
6,23,19,19/06/23,9.5,3.07,20.54,14.11,2.2,2
6,23,20,20/06/23,14.6,3.66,24.33,13.39,4.3,4
6,23,21,21/06/23,10.4,2.51,19.89,12,2.4,2.6
6,23,22,22/06/23,17.3,4.95,24.28,11.93,2.8,2.9
6,23,23,23/06/23,15.6,5.45,22.4,12.25,2.6,2.4
6,23,24,24/06/23,10.1,4.27,16.13,10.3,2.5,2.2
6,23,25,25/06/23,4.3,1.09,25.91,22.7,7.5,7.3
6,23,26,26/06/23,1.4,0.05,19.96,18.61,4.8,4.6
6,23,27,27/06/23,5.5,1.64,21.74,17.88,5.4,5
6,23,28,28/06/23,4.8,0.8,18.99,14.99,2.6,2.6